INSERT INTO "account" ("id","name","normal_name","hash","mail","mail_verified","mail_verified_at","mail_token","password_token","state","last_login","created") 
VALUES 
 (1,'Admin','Admin','$2a$10$bwsKv/VUUvOT.JB0AFGS7uQ5LQ3xpvbqyrw0dKAPOxrXvNP/fuk7G','Admin',0,NULL,NULL,NULL,1,NULL,'2019-11-19 15:58:21.1738355'),
 (2,'1234','1234','$2a$10$gHAWndIPBBGuTcsyOL2KFufzvPDI/evj18DygBv/QelpLENzALcBi','1234',0,NULL,NULL,NULL,100,NULL,'2019-11-19 16:03:55.2889936'),
 (3,'ff','ff','$2a$10$GhZE/d8hTdh92URBeP5k6eH9HbCWhoDknupYegGpgdcIOfRUoGodq','ff',0,NULL,NULL,NULL,1,NULL,'2019-11-19 16:13:35.4028315'),
 (4,'wolf','wolf','$2a$10$MoaRYlEbvjm/F2pr0FMrgewdd3TMQzbfOXW5o73C5C1kQPtO2rFeG','wolf',0,NULL,NULL,NULL,1,NULL,'2020-01-22 18:45:35.4028315'),
 (6,'aiko','aiko','$2a$10$HrEue5SiNe7h6cpmkp6.6OIjZB6c583Q.XYBRh2WCy7fnk.4.wnAq','aiko',0,NULL,NULL,NULL,1,NULL,'2020-02-11 14:46:18.1770021'),
 (7,'afflatus','afflatus','$2a$10$xwQkMp90yAKbqTxB2Ph6POkCQQXhcNWAOnOjGN/2nCT4sX0nA/1zm','afflatus',0,NULL,NULL,NULL,1,NULL,'2020-02-11 15:05:03.0611675'),
 (8,'mizuki','mizuki','$2a$10$XF12OScwkzH6hifuVxRI8uZ3TH7vJBsk5auXhFcL0qj/J6QpoysLu','mizuki',0,NULL,NULL,NULL,1,NULL,'2020-02-11 15:15:10.6311294'),
 (9,'hiraeth','hiraeth','$2a$10$JjtJfZvG/cmvVJW22zVrjez529S8GFzuaALB3XayewG/IC2L0tlhO','hiraeth',0,NULL,NULL,NULL,1,NULL,'2020-02-25 21:50:52.729478'),
 (10,'user','user','$2a$10$CeC62PqH/1cPJA1OEqFYhuJBYwabSpfYViOl/3sDUoY.JntpUR1sm','user',0,NULL,NULL,NULL,1,NULL,'2020-05-15 21:05:34.6911893'),
 (11,'user2','user2','$2a$10$YrtfZffy0COQMrbEzYhy9OvjZG5qePGPovVi0Yk3tI3xY4YJId1/S','user2',0,NULL,NULL,NULL,1,NULL,'2020-05-17 12:55:58.3819'),
 (20,'a','a','$2a$10$bwsKv/VUUvOT.JB0AFGS7uQ5LQ3xpvbqyrw0dKAPOxrXvNP/fuk7G','a',0,NULL,NULL,NULL,1,NULL,'2019-11-19 15:58:21.1738355'),
 (21,'b','b','$2a$10$bwsKv/VUUvOT.JB0AFGS7uQ5LQ3xpvbqyrw0dKAPOxrXvNP/fuk7G','b',0,NULL,NULL,NULL,1,NULL,'2019-11-19 15:58:21.1738355'),
 (22,'c','c','$2a$10$bwsKv/VUUvOT.JB0AFGS7uQ5LQ3xpvbqyrw0dKAPOxrXvNP/fuk7G','c',0,NULL,NULL,NULL,1,NULL,'2019-11-19 15:58:21.1738355'),
 (23,'d','d','$2a$10$bwsKv/VUUvOT.JB0AFGS7uQ5LQ3xpvbqyrw0dKAPOxrXvNP/fuk7G','d',0,NULL,NULL,NULL,1,NULL,'2019-11-19 15:58:21.1738355'),
 (24,'desu','desu','$2a$10$8JcA2TCiKsJ7YOYEjPhPZ.42K9vKfE4ing9XqGqgWhtSYzEWKW/K.','desu',0,NULL,NULL,NULL,1,NULL,'2021-02-08 13:17:23.8494811');

INSERT INTO "nec_soul" ("id","account_id","name","level","created","password","experience_current","warehouse_gold","points_lawful","points_neutral","points_chaos","criminal_level","points_current","material_life","material_reincarnation","material_lawful","material_chaos") 
VALUES 
 (1,1,'Server',1,'2019-11-19 16:00:24.0076961','0000',9075,28395,134,697,885,3,90,815,950,452,893),
 (2,2,'Xeno.',24,'2019-11-19 16:04:30.5066857','1234',1134,135851,692,287,987,28,98,716,754,159,703),
 (3,3,'Unknown',69,'2019-11-19 16:14:12.2002506','0000',8547,99114,308,804,738,0,7,949,946,168,828),
 (4,4,'Wolfzen',99,'2020-01-22 18:45:35.4028315','0000',8927,136662,455,717,430,9,42,909,304,950,657),
 (5,6,'Aiko',5,'2020-02-11 14:47:31.179687','0000',9605,111114,753,494,311,17,54,452,713,998,787),
 (6,7,'Afflatus',3,'2020-02-11 15:05:59.0900745','0000',8157,87146,952,599,769,38,17,562,494,626,444),
 (7,8,'Mizuki',2,'2020-02-11 15:15:51.1238589','0000',2731,77108,274,817,898,23,44,175,511,896,640),
 (8,9,'Hiraeth',14,'2020-02-25 21:52:30.3752316','0000',5019,52997,665,543,489,15,28,346,916,470,204),
 (9,10,'hei',47,'2020-05-15 21:06:10.6368218','1111',1991,79842,199,288,402,42,47,679,949,522,408),
 (10,11,'room',0,'2020-05-17 12:57:11.4095623','1111',1730,118666,203,497,155,9,70,169,203,391,721),
 (20,20,'a',10,'2020-05-17 12:57:11.4095623','0000',7520,20402,524,869,874,0,33,977,808,264,538),
 (21,21,'b',20,'2020-05-17 12:57:11.4095623','0000',3977,45269,332,551,137,21,26,677,860,819,809),
 (22,22,'c',30,'2020-05-17 12:57:11.4095623','0000',6870,72427,339,719,712,20,76,852,766,135,206),
 (23,23,'d',40,'2020-05-17 12:57:11.4095623','0000',4542,99487,560,170,413,39,25,488,211,453,910),
 (24,24,'Desu',50,'2021-02-08 13:18:00.4106408','0000',5961,98403,442,473,414,30,9,707,622,424,792);

INSERT INTO "nec_character" ("id","account_id","soul_id","slot","map_id","x","y","z","name","race_id","sex_id","hair_id","hair_color_id","face_id","strength","vitality","dexterity","agility","intelligence","piety","luck","class_id","level","created","hp_current","mp_current","gold","condition_current","channel","face_arrange_id","voice_id","experience_current","skill_points") 
VALUES 
 (1,1,1,1,1001002,23021.0,-224.0,0.0,'Server',1,1,0,0,0,74,8,55,50,70,93,68,3,28,'2019-11-19 16:01:29.30889',373,486,10885,24,0,2,2,177303,24),
 (2,2,2,1,1001001,1608.0,-3958.0,-19.0,'Talin',3,0,0,5,0,55,59,6,71,73,13,83,1,7,'2019-11-19 16:05:17.8122517',1000,384,10600,12,0,2,0,141121,80),
 (3,2,2,2,1001010,0.0,200.0,1.0008659362793,'Zakura',0,1,0,0,4,59,20,88,62,7,90,46,0,77,'2019-11-19 16:11:13.2318326',-2,64,21517,0,0,0,2,192400,48),
 (4,2,2,0,1001010,0.0,200.0,0.0,'Kadred',0,0,0,0,0,95,49,51,27,59,92,92,2,58,'2019-11-19 16:12:46.8206967',-1,303,1501,146,0,2,1,69556,21),
 (5,3,3,1,2001001,4784.70703125,-879.162292480469,-9.84835815429688,'One',4,1,1,1,0,4,64,8,25,20,83,95,3,49,'2019-11-19 16:15:30.9221983',569,437,32924,123,0,1,1,47726,61),
 (6,4,4,0,1001002,23021.0,-224.0,0.0,'Wolf',1,0,0,0,0,26,82,41,33,96,77,75,2,28,'2020-01-22 18:45:35.402831',625,65,35058,93,0,0,0,65903,100),
 (7,4,4,1,1001002,23021.0,-224.0,0.0,'Wolfzen',3,0,0,0,0,41,70,95,14,3,0,73,1,46,'2020-01-22 18:45:35.402831',679,416,19040,142,0,2,2,136891,66),
 (8,6,5,1,1001902,23209.462890625,-187.910797119141,-9.80994987487793,'Mizuki',0,1,0,0,0,61,97,77,14,25,24,86,2,99,'2020-02-11 14:48:39.8044959',383,48,31433,38,0,1,2,101569,66),
 (9,7,6,1,1001007,193.676605224609,1250.80822753906,301.301727294922,'Kadred',3,0,4,5,0,66,99,59,29,82,63,79,1,71,'2020-02-11 15:08:01.1549772',545,468,21372,98,0,0,1,161838,61),
 (10,8,7,1,2001105,2226.10009765625,-3628.13110351563,412.150604248047,'Aiko',0,1,0,0,0,33,40,96,27,82,31,15,1,27,'2020-02-11 15:16:57.2783877',229,92,40057,48,0,0,0,101139,39),
 (11,9,8,1,1001010,0.0,200.0,0.0,'Elf',1,1,0,5,1,73,21,53,37,99,38,79,1,13,'2020-02-25 21:55:02.0526297',40,188,41356,132,0,0,2,22301,52),
 (12,10,9,1,2003101,2785.0,-10168.0,1263.0,'bk201',1,1,0,2,1,39,60,63,73,11,36,88,1,2,'2020-05-15 21:08:18.060219',911,119,32217,73,0,1,2,179069,28),
 (13,11,10,1,2006000,0.0,0.0,30.0,'monster',3,0,2,3,3,78,15,45,11,99,3,37,0,39,'2020-05-17 12:58:45.2375414',778,107,44440,177,0,2,1,153027,90),
 (20,20,20,1,1001010,0.0,200.0,0.0,'a',3,0,2,3,3,19,55,40,36,51,35,50,0,72,'2020-05-17 12:58:45.2375414',679,209,7063,4,0,2,1,178984,43),
 (21,21,21,1,2006000,0.0,0.0,30.0,'b',3,0,2,3,3,40,51,0,35,4,13,85,1,58,'2020-05-17 12:58:45.2375414',0,460,10425,132,0,2,2,157430,32),
 (22,22,22,1,2006000,0.0,0.0,30.0,'c',3,0,2,3,3,83,75,54,31,16,2,11,2,17,'2020-05-17 12:58:45.2375414',-1,439,33978,10,0,0,1,162766,44),
 (23,23,23,1,2006000,0.0,0.0,30.0,'d',3,0,2,3,3,16,23,100,75,28,60,51,3,83,'2020-05-17 12:58:45.2375414',-2,322,31457,150,0,2,0,106047,39),
 (24,24,24,0,1001010,-275.137878417969,1316.5869140625,1.00062561035156,'Razaiel',0,1,5,4,0,49,72,77,12,95,87,35,9,15,'2021-02-08 13:19:59.0001827',785,173,16885,54,0,2,1,103554,71),
 (25,24,24,1,1001002,23162.0,-219.0,-7.0,'Mach',3,1,5,5,4,16,23,100,75,28,5,22,2,1,'2021-02-20 19:39:46.1657378',-5,450,80706048,140,0,3,0,1,1),
 (27,2,2,4,1001002,23162.0,-219.0,-7.0,'Gruff',2,0,4,5,2,10,9,9,5,6,10,7,3,0,'2021-02-21 16:14:38.3180385',-5,15,80706048,140,0,0,0,0,0);